FE Rotation (°);IE Rotation (°);VV Rotation (°);AP Translation (mm);ML Translation (mm);SI Translation (mm);Fx (N);Fy (N);Fz (N);Mx (Nm);My (Nm);Mz (Nm)
3.5;1,217605151;3.75489620069063;16.75172;-3.2370216632125;29.0526118577486;-1.79294;-3.810735;68.4795;0.69452;-0.0300142;-0.223524
3.75;1,336367997;3.78124619396973;16.8156929458131;-3.20655274472656;29.0496571670151;-1.79294;-3.810735;68.4795;0.69452;-0.0300142;-0.223524
4;1,453446685;3.8071967488;16.8785305593978;-3.1763243936;29.0469157036544;-1.79294;-3.810735;68.4795;0.69452;-0.0300142;-0.223524
4.25;1,568855188;3.83275215436348;16.9402479176064;-3.14633563857344;29.0443859592635;-1.79294;-3.810735;68.4795;0.69452;-0.0300142;-0.223524
4.5;1,682607422;3.85791667744063;17.00086001857;-3.1165855083875;29.0420664207726;-1.79294;-3.810735;68.4795;0.69452;-0.0300142;-0.223524
4.75;1,794717247;3.88269456241035;17.0603817816986;-3.08707303178281;29.0399555704445;-1.79294;-3.810735;68.4795;0.69452;-0.0300142;-0.223524
5;1,905198469;3.90709003125;17.1188280476808;-3.0577972375;29.038051885875;-1.79294;-3.810735;68.4795;0.69452;-0.0300142;-0.223524
5.25;2,014064833;3.93110728353535;17.1762135784842;-3.02875715427969;29.0363538399928;-1.79294;-3.810735;68.4795;0.69452;-0.0300142;-0.223524
5.5;2,121330032;3.95475049644063;17.232553057355;-2.9999518108625;29.0348599010596;-1.79294;-3.810735;68.4795;0.69452;-0.0300142;-0.223524
5.75;2,2270077;3.97802382473848;17.2878610888183;-2.97138023598906;29.0335685326697;-1.79294;-3.810735;68.4795;0.69452;-0.0300142;-0.223524
6;2,331111417;4.0009314008;17.3421521986778;-2.9430414584;29.0324781937504;-1.79294;-3.810735;68.4795;0.69452;-0.0300142;-0.223524
6.25;2,433654704;4.02347733459473;17.3954408340163;-2.91493450683594;29.031587338562;-1.79294;-3.810735;68.4795;0.69452;-0.0300142;-0.223524
6.5;2,534651028;4.04566571369063;17.447741363195;-2.8870584100375;29.0308944166976;-1.79294;-3.810735;68.4795;0.69452;-0.0300142;-0.223524
6.75;2,634113799;4.0675006032541;17.4990680758542;-2.85941219674531;29.0303978730831;-1.79294;-3.810735;68.4795;0.69452;-0.0300142;-0.223524
7;2,73205637;4.08898604605;17.5494351829128;-2.8319948957;29.0300961479774;-1.79294;-3.810735;68.4795;0.69452;-0.0300142;-0.223524
7.25;2,828492038;4.1101260624416;17.5988568165686;-2.80480553564219;29.0299876769722;-1.79294;-3.810735;68.4795;0.69452;-0.0300142;-0.223524
7.5;2,923434045;4.13092465039063;17.647347030298;-2.7778431453125;29.0300708909922;-1.79294;-3.810735;68.4795;0.69452;-0.0300142;-0.223524
7.75;3,016895575;4.15138578545723;17.6949197988564;-2.75110675345156;29.0303442162948;-1.79294;-3.810735;68.4795;0.69452;-0.0300142;-0.223524
8;3,108889757;4.1715134208;17.7415890182778;-2.7245953888;29.0308060744704;-1.79294;-3.810735;68.4795;0.69452;-0.0300142;-0.223524
8.25;3,199429662;4.19131148717598;17.7873685058751;-2.69830808009844;29.0314548824423;-1.79294;-3.810735;68.4795;0.69452;-0.0300142;-0.223524
8.5;3,288528307;4.21078389294063;17.83227200024;-2.6722438560875;29.0322890524666;-1.79294;-3.810735;68.4795;0.69452;-0.0300142;-0.223524
8.75;3,376198651;4.22993452404785;17.8763131612428;-2.64640174550781;29.0333069921323;-1.79294;-3.810735;68.4795;0.69452;-0.0300142;-0.223524
9;3,462453598;4.24876724405;17.9195055700328;-2.6207807771;29.0345071043614;-1.79294;-3.810735;68.4795;0.69452;-0.0300142;-0.223524
9.25;3,547305993;4.26728589409785;17.961862729038;-2.59537997960469;29.0358877874086;-1.79294;-3.810735;68.4795;0.69452;-0.0300142;-0.223524
9.5;3,630768628;4.28549429294063;18.003398061965;-2.5701983817625;29.0374474348616;-1.79294;-3.810735;68.4795;0.69452;-0.0300142;-0.223524
9.75;3,712854238;4.30339623692598;18.0441249137995;-2.54523501231406;29.0391844356409;-1.79294;-3.810735;68.4795;0.69452;-0.0300142;-0.223524
10;3,7935755;4.3209955;18.0840565508058;-2.5204889;29.041097174;-1.79294;-3.810735;68.4795;0.69452;-0.0300142;-0.223524
10.25;3,872945036;4.33829583370723;18.123206160527;-2.49595907356094;29.0431840295252;-1.79294;-3.810735;68.4795;0.69452;-0.0300142;-0.223524
10.5;3,950975411;4.35530096719063;18.161586851785;-2.4716445617375;29.0454433771356;-1.79294;-3.810735;68.4795;0.69452;-0.0300142;-0.223524
10.75;4,027679136;4.3720146071916;18.1992116546805;-2.44754439327031;29.0478735870833;-1.79294;-3.810735;68.4795;0.69452;-0.0300142;-0.223524
11;4,103068662;4.38844043805;18.2360935205928;-2.4236575969;29.0504730249534;-1.79294;-3.810735;68.4795;0.69452;-0.0300142;-0.223524
11.25;4,177156386;4.4045821217041;18.2722453221803;-2.39998320136718;29.0532400516636;-1.79294;-3.810735;68.4795;0.69452;-0.0300142;-0.223524
11.5;4,249954648;4.42044329769063;18.30767985338;-2.3765202354125;29.0561730234646;-1.79294;-3.810735;68.4795;0.69452;-0.0300142;-0.223524
11.75;4,321475733;4.43602758314473;18.3424098294076;-2.35326772777656;29.05927029194;-1.79294;-3.810735;68.4795;0.69452;-0.0300142;-0.223524
12;4,391731869;4.4513385728;18.3764478867578;-2.33022470719999;29.0625302040064;-1.79294;-3.810735;68.4795;0.69452;-0.0300142;-0.223524
12.25;4,460735226;4.46637983898848;18.4098065832039;-2.30739020242343;29.065951101913;-1.79294;-3.810735;68.4795;0.69452;-0.0300142;-0.223524
12.5;4,52849792;4.48115493164063;18.442498397798;-2.28476324218749;29.0695313232422;-1.79294;-3.810735;68.4795;0.69452;-0.0300142;-0.223524
12.75;4,59503201;4.49566737828535;18.4745357308711;-2.26234285523281;29.073269200909;-1.79294;-3.810735;68.4795;0.69452;-0.0300142;-0.223524
13;4,660349498;4.50992068405;18.5059309040328;-2.24012807029999;29.0771630631614;-1.79294;-3.810735;68.4795;0.69452;-0.0300142;-0.223524
13.25;4,72446233;4.52391833166035;18.5366961601717;-2.21811791612968;29.0812112335803;-1.79294;-3.810735;68.4795;0.69452;-0.0300142;-0.223524
13.5;4,787382397;4.53766378144063;18.566843663455;-2.19631142146249;29.0854120310796;-1.79294;-3.810735;68.4795;0.69452;-0.0300142;-0.223524
13.75;4,849121532;4.55116047131348;18.5963854993288;-2.17470761503905;29.0897637699058;-1.79294;-3.810735;68.4795;0.69452;-0.0300142;-0.223524
14;4,909691513;4.5644118168;18.6253336745178;-2.15330552559999;29.0942647596384;-1.79294;-3.810735;68.4795;0.69452;-0.0300142;-0.223524
14.25;4,96910406;4.57742121101973;18.6537001170258;-2.13210418188593;29.0989133051899;-1.79294;-3.810735;68.4795;0.69452;-0.0300142;-0.223524
14.5;5,027370839;4.59019202469063;18.681496676135;-2.11110261263749;29.1037077068056;-1.79294;-3.810735;68.4795;0.69452;-0.0300142;-0.223524
14.75;5,084503458;4.6027276061291;18.7087351224067;-2.0902998465953;29.1086462600636;-1.79294;-3.810735;68.4795;0.69452;-0.0300142;-0.223524
15;5,140513469;4.61503128125;18.7354271476808;-2.06969491249999;29.113727255875;-1.79294;-3.810735;68.4795;0.69452;-0.0300142;-0.223524
15.25;5,195412368;4.6271063535666;18.7615843650761;-2.04928683909217;29.1189489804837;-1.79294;-3.810735;68.4795;0.69452;-0.0300142;-0.223524
15.5;5,249211595;4.63895610419063;18.78721830899;-2.02907465511249;29.1243097154666;-1.79294;-3.810735;68.4795;0.69452;-0.0300142;-0.223524
15.75;5,301922533;4.65058379183223;18.8123404350989;-2.00905738930155;29.1298077377333;-1.79294;-3.810735;68.4795;0.69452;-0.0300142;-0.223524
16;5,353556509;4.6619926528;18.8369621203578;-1.98923407039998;29.1354413195264;-1.79294;-3.810735;68.4795;0.69452;-0.0300142;-0.223524
16.25;5,404124794;4.67318590100098;18.8610946630006;-1.96960372714842;29.1412087284214;-1.79294;-3.810735;68.4795;0.69452;-0.0300142;-0.223524
16.5;5,453638602;4.68416672794063;18.88474928254;-1.95016538828748;29.1471082273266;-1.79294;-3.810735;68.4795;0.69452;-0.0300142;-0.223524
16.75;5,502109092;4.69493830272285;18.9079371197673;-1.93091808255779;29.1531380744832;-1.79294;-3.810735;68.4795;0.69452;-0.0300142;-0.223524
17;5,549547366;4.70550377205;18.9306692367528;-1.91186083869998;29.1592965234654;-1.79294;-3.810735;68.4795;0.69452;-0.0300142;-0.223524
17.25;5,595964468;4.71586626022285;18.9529566168455;-1.89299268545467;29.1655818231801;-1.79294;-3.810735;68.4795;0.69452;-0.0300142;-0.223524
17.5;5,641371389;4.72602886914063;18.974810164673;-1.87431265156248;29.1719922178672;-1.79294;-3.810735;68.4795;0.69452;-0.0300142;-0.223524
17.75;5,685779061;4.73599467830098;18.996240706142;-1.85581976576404;29.1785259470994;-1.79294;-3.810735;68.4795;0.69452;-0.0300142;-0.223524
18;5,729198361;4.7457667448;19.0172589884378;-1.83751305679997;29.1851812457824;-1.79294;-3.810735;68.4795;0.69452;-0.0300142;-0.223524
18.25;5,771640109;4.75534810333223;19.0378756800245;-1.81939155341091;29.1919563441547;-1.79294;-3.810735;68.4795;0.69452;-0.0300142;-0.223524
18.5;5,81311507;4.76474176619063;19.058101370645;-1.80145428433747;29.1988494677876;-1.79294;-3.810735;68.4795;0.69452;-0.0300142;-0.223524
18.75;5,853633952;4.7739507232666;19.077946571321;-1.78370027832028;29.2058588375854;-1.79294;-3.810735;68.4795;0.69452;-0.0300142;-0.223524
19;5,893207406;4.78297794205;19.0974217143528;-1.76612856409997;29.2129826697854;-1.79294;-3.810735;68.4795;0.69452;-0.0300142;-0.223524
19.25;5,931846026;4.7918263676291;19.1165371533198;-1.74873817041715;29.2202191759575;-1.79294;-3.810735;68.4795;0.69452;-0.0300142;-0.223524
19.5;5,969560353;4.80049892269063;19.13530316308;-1.73152812601246;29.2275665630046;-1.79294;-3.810735;68.4795;0.69452;-0.0300142;-0.223524
19.75;6,006360869;4.80899850751973;19.1537299397701;-1.71449745962653;29.2350230331625;-1.79294;-3.810735;68.4795;0.69452;-0.0300142;-0.223524
20;6,042258;4.817328;19.1718276008058;-1.69764519999996;29.242586784;-1.79294;-3.810735;68.4795;0.69452;-0.0300142;-0.223524
20.25;6,077262116;4.82549025561348;19.1896061848814;-1.6809703758734;29.2502560084185;-1.79294;-3.810735;68.4795;0.69452;-0.0300142;-0.223524
20.5;6,111383532;4.83348810744063;19.20707565197;-1.66447201598746;29.2580288946526;-1.79294;-3.810735;68.4795;0.69452;-0.0300142;-0.223524
20.75;6,144632504;4.84132436616035;19.2242458833236;-1.64814914908277;29.2659036262695;-1.79294;-3.810735;68.4795;0.69452;-0.0300142;-0.223524
21;6,177019234;4.84900182005;19.2411266814728;-1.63200080389995;29.2738783821694;-1.79294;-3.810735;68.4795;0.69452;-0.0300142;-0.223524
21.25;6,208553866;4.85652323498535;19.2577277702272;-1.61602600917964;29.2819513365854;-1.79294;-3.810735;68.4795;0.69452;-0.0300142;-0.223524
21.5;6,23924649;4.86389135444063;19.274058794675;-1.60022379366245;29.2901206590836;-1.79294;-3.810735;68.4795;0.69452;-0.0300142;-0.223524
21.75;6,269107138;4.87110889948848;19.2901293211833;-1.58459318608901;29.2983845145627;-1.79294;-3.810735;68.4795;0.69452;-0.0300142;-0.223524
22;6,298145785;4.8781785688;19.3059488373978;-1.56913321519994;29.3067410632544;-1.79294;-3.810735;68.4795;0.69452;-0.0300142;-0.223524
22.25;6,326372352;4.88510303864473;19.3215267522433;-1.55384290973588;29.3151884607234;-1.79294;-3.810735;68.4795;0.69452;-0.0300142;-0.223524
22.5;6,353796701;4.89188496289063;19.336872395923;-1.53872129843744;29.3237248578672;-1.79294;-3.810735;68.4795;0.69452;-0.0300142;-0.223524
22.75;6,380428641;4.8985269730041;19.3519950199192;-1.52376741004525;29.3323484009161;-1.79294;-3.810735;68.4795;0.69452;-0.0300142;-0.223524
23;6,406277922;4.90503167805;19.3669037969928;-1.50898027329993;29.3410572314334;-1.79294;-3.810735;68.4795;0.69452;-0.0300142;-0.223524
23.25;6,431354238;4.9114016646916;19.3816078211836;-1.49435891694212;29.3498494863152;-1.79294;-3.810735;68.4795;0.69452;-0.0300142;-0.223524
23.5;6,455667228;4.91763949719063;19.39611610781;-1.47990236971243;29.3587232977906;-1.79294;-3.810735;68.4795;0.69452;-0.0300142;-0.223524
23.75;6,479226474;4.92374771740723;19.4104375934694;-1.46560966035149;29.3676767934214;-1.79294;-3.810735;68.4795;0.69452;-0.0300142;-0.223524
24;6,502041501;4.9297288448;19.4245811360378;-1.45147981759992;29.3767080961024;-1.79294;-3.810735;68.4795;0.69452;-0.0300142;-0.223524
24.25;6,524121779;4.93558537642598;19.4385555146701;-1.43751187019835;29.3858153240613;-1.79294;-3.810735;68.4795;0.69452;-0.0300142;-0.223524
24.5;6,545476721;4.94131978694063;19.4523694298;-1.42370484688741;29.3949965908586;-1.79294;-3.810735;68.4795;0.69452;-0.0300142;-0.223524
24.75;6,566115684;4.94693452859785;19.4660315031398;-1.41005777640772;29.4042500053877;-1.79294;-3.810735;68.4795;0.69452;-0.0300142;-0.223524
25;6,586047969;4.95243203125;19.4795502776808;-1.3965696874999;29.413573671875;-1.79294;-3.810735;68.4795;0.69452;-0.0300142;-0.223524
25.25;6,605282819;4.95781470234785;19.492934217693;-1.38323960890459;29.4229656898796;-1.79294;-3.810735;68.4795;0.69452;-0.0300142;-0.223524
25.5;6,623829422;4.96308492694063;19.506191708725;-1.3700665693624;29.4324241542936;-1.79294;-3.810735;68.4795;0.69452;-0.0300142;-0.223524
25.75;6,641696911;4.96824506767598;19.5193310576045;-1.35704959761396;29.4419471553419;-1.79294;-3.810735;68.4795;0.69452;-0.0300142;-0.223524
26;6,658894361;4.9732974648;19.5323604924378;-1.34418772239989;29.4515327785824;-1.79294;-3.810735;68.4795;0.69452;-0.0300142;-0.223524
26.25;6,67543079;4.97824443615723;19.54528816261;-1.33147997246082;29.4611791049058;-1.79294;-3.810735;68.4795;0.69452;-0.0300142;-0.223524
26.5;6,691315161;4.98308827719063;19.558122138785;-1.31892537653738;29.4708842105356;-1.79294;-3.810735;68.4795;0.69452;-0.0300142;-0.223524
26.75;6,706556382;4.9878312609416;19.5708704129055;-1.30652296337019;29.4806461670283;-1.79294;-3.810735;68.4795;0.69452;-0.0300142;-0.223524
27;6,721163302;4.99247563805;19.5835408981928;-1.29427176169987;29.4904630412734;-1.79294;-3.810735;68.4795;0.69452;-0.0300142;-0.223524
27.25;6,735144714;4.9970236367541;19.5961414291473;-1.28217080026705;29.500332895493;-1.79294;-3.810735;68.4795;0.69452;-0.0300142;-0.223524
27.5;6,748509357;5.00147746289063;19.608679761548;-1.27021910781236;29.5102537872422;-1.79294;-3.810735;68.4795;0.69452;-0.0300142;-0.223524
27.75;6,761265913;5.00583929989473;19.6211635724526;-1.25841571307642;29.520223769409;-1.79294;-3.810735;68.4795;0.69452;-0.0300142;-0.223524
28;6,773423005;5.0101113088;19.6336004601978;-1.24675964479985;29.5302408902144;-1.79294;-3.810735;68.4795;0.69452;-0.0300142;-0.223524
28.25;6,784989203;5.01429562823848;19.6459979443989;-1.23524993172328;29.540303193212;-1.79294;-3.810735;68.4795;0.69452;-0.0300142;-0.223524
28.5;6,795973019;5.01839437444063;19.65836346595;-1.22388560258734;29.5504087172886;-1.79294;-3.810735;68.4795;0.69452;-0.0300142;-0.223524
28.75;6,806382909;5.02240964123535;19.6707043870241;-1.21266568613265;29.5605554966636;-1.79294;-3.810735;68.4795;0.69452;-0.0300142;-0.223524
29;6,816227274;5.02634350005;19.6830279910728;-1.20158921109983;29.5707415608894;-1.79294;-3.810735;68.4795;0.69452;-0.0300142;-0.223524
29.25;6,825514456;5.03019799991035;19.6953414828267;-1.19065520622951;29.5809649348513;-1.79294;-3.810735;68.4795;0.69452;-0.0300142;-0.223524
29.5;6,834252743;5.03397516744063;19.707651988295;-1.17986270026232;29.5912236387676;-1.79294;-3.810735;68.4795;0.69452;-0.0300142;-0.223524
29.75;6,842450366;5.03767700686348;19.7199665547658;-1.16921072193887;29.6015156881892;-1.79294;-3.810735;68.4795;0.69452;-0.0300142;-0.223524
30;6,8501155;5.0413055;19.7322921508058;-1.1586982999998;29.611839094;-1.79294;-3.810735;68.4795;0.69452;-0.0300142;-0.223524
30.25;6,857256263;5.04486260626973;19.7446356662608;-1.14832446318573;29.6221918624169;-1.79294;-3.810735;68.4795;0.69452;-0.0300142;-0.223524
30.5;6,863880717;5.04835026269063;19.757003912255;-1.13808824023729;29.6325719949896;-1.79294;-3.810735;68.4795;0.69452;-0.0300142;-0.223524
30.75;6,869996868;5.0517703838791;19.7694036211917;-1.12798865989509;29.6429774886006;-1.79294;-3.810735;68.4795;0.69452;-0.0300142;-0.223524
31;6,875612666;5.05512486205;19.7818414467528;-1.11802475089977;29.6534063354654;-1.79294;-3.810735;68.4795;0.69452;-0.0300142;-0.223524
31.25;6,880736003;5.0584155670166;19.7943239638991;-1.10819554199196;29.6638565231323;-1.79294;-3.810735;68.4795;0.69452;-0.0300142;-0.223524
31.5;6,885374717;5.06164434619063;19.80685766887;-1.09850006191226;29.6743260344826;-1.79294;-3.810735;68.4795;0.69452;-0.0300142;-0.223524
31.75;6,889536588;5.06481302458223;19.8194489791839;-1.08893733940132;29.6848128477303;-1.79294;-3.810735;68.4795;0.69452;-0.0300142;-0.223524
32;6,893229341;5.0679234048;19.8321042336378;-1.07950640319974;29.6953149364224;-1.79294;-3.810735;68.4795;0.69452;-0.0300142;-0.223524
32.25;6,896460643;5.07097726705098;19.8448296923076;-1.07020628204817;29.7058302694388;-1.79294;-3.810735;68.4795;0.69452;-0.0300142;-0.223524
32.5;6,899238107;5.07397636914063;19.857631536548;-1.06103600468723;29.7163568109922;-1.79294;-3.810735;68.4795;0.69452;-0.0300142;-0.223524
32.75;6,901569288;5.07692244647285;19.8705158689923;-1.05199459985753;29.7268925206282;-1.79294;-3.810735;68.4795;0.69452;-0.0300142;-0.223524
33;6,903461686;5.07981721205;19.8834887135528;-1.04308109629971;29.7374353532254;-1.79294;-3.810735;68.4795;0.69452;-0.0300142;-0.223524
33.25;6,904922742;5.08266235647285;19.8965560154205;-1.03429452275439;29.7479832589951;-1.79294;-3.810735;68.4795;0.69452;-0.0300142;-0.223524
33.5;6,905959843;5.08545954794063;19.909723641065;-1.02563390796219;29.7585341834816;-1.79294;-3.810735;68.4795;0.69452;-0.0300142;-0.223524
33.75;6,906580321;5.08821043225098;19.922997378235;-1.01709828066375;29.769086067562;-1.79294;-3.810735;68.4795;0.69452;-0.0300142;-0.223524
34;6,906791449;5.0909166328;19.9363829359578;-1.00868666959967;29.7796368474464;-1.79294;-3.810735;68.4795;0.69452;-0.0300142;-0.223524
34.25;6,906600444;5.09357975058223;19.9498859445395;-1.0003981035106;29.7901844546777;-1.79294;-3.810735;68.4795;0.69452;-0.0300142;-0.223524
34.5;6,906014468;5.09620136419063;19.963511955565;-0.992231611137155;29.8007268161316;-1.79294;-3.810735;68.4795;0.69452;-0.0300142;-0.223524
34.75;6,905040627;5.0987830298166;19.977266441898;-0.984186221219957;29.8112618540168;-1.79294;-3.810735;68.4795;0.69452;-0.0300142;-0.223524
35;6,903685969;5.10132628125;19.9911547976808;-0.976260962499634;29.821787485875;-1.79294;-3.810735;68.4795;0.69452;-0.0300142;-0.223524
35.25;6,901957486;5.1038326298791;20.0051823383348;-0.968454863716811;29.8323016245805;-1.79294;-3.810735;68.4795;0.69452;-0.0300142;-0.223524
35.5;6,899862115;5.10630356469063;20.01935430056;-0.960766953612112;29.8428021783406;-1.79294;-3.810735;68.4795;0.69452;-0.0300142;-0.223524
35.75;6,897406736;5.10874055226973;20.0336758423351;-0.953196260926164;29.8532870506955;-1.79294;-3.810735;68.4795;0.69452;-0.0300142;-0.223524
36;6,894598173;5.1111450368;20.0481520429178;-0.94574181439959;29.8637541405184;-1.79294;-3.810735;68.4795;0.69452;-0.0300142;-0.223524
36.25;6,891443192;5.11351844006348;20.0627879028444;-0.938402642773017;29.8742013420151;-1.79294;-3.810735;68.4795;0.69452;-0.0300142;-0.223524
36.5;6,887948506;5.11586216144063;20.07758834393;-0.931177774787067;29.8846265447246;-1.79294;-3.810735;68.4795;0.69452;-0.0300142;-0.223524
36.75;6,884120768;5.11817757791035;20.0925582092686;-0.924066239182368;29.8950276335185;-1.79294;-3.810735;68.4795;0.69452;-0.0300142;-0.223524
37;6,879966578;5.12046604405;20.1077022632328;-0.917067064699543;29.9054024886014;-1.79294;-3.810735;68.4795;0.69452;-0.0300142;-0.223524
37.25;6,875492477;5.12272889203535;20.1230251914742;-0.910179280079218;29.9157489855108;-1.79294;-3.810735;68.4795;0.69452;-0.0300142;-0.223524
37.5;6,870704951;5.12496743164063;20.138531600923;-0.903401914062018;29.9260649951172;-1.79294;-3.810735;68.4795;0.69452;-0.0300142;-0.223524
37.75;6,865610431;5.12718295023848;20.1542260197883;-0.896733995388568;29.9363483836237;-1.79294;-3.810735;68.4795;0.69452;-0.0300142;-0.223524
38;6,860215289;5.1293767128;20.1701128975578;-0.890174552799492;29.9465970125664;-1.79294;-3.810735;68.4795;0.69452;-0.0300142;-0.223524
38.25;6,854525842;5.13154996189473;20.1861966049983;-0.883722615035416;29.9568087388144;-1.79294;-3.810735;68.4795;0.69452;-0.0300142;-0.223524
38.5;6,848548352;5.13370391769063;20.202481434155;-0.877377210836964;29.9669814145696;-1.79294;-3.810735;68.4795;0.69452;-0.0300142;-0.223524
38.75;6,842289022;5.1358397779541;20.2189715983522;-0.871137368944762;29.9771128873667;-1.79294;-3.810735;68.4795;0.69452;-0.0300142;-0.223524
39;6,835754002;5.13795871805;20.2356712321928;-0.865002118099436;29.9872010000734;-1.79294;-3.810735;68.4795;0.69452;-0.0300142;-0.223524
39.25;6,828949381;5.1400618909416;20.2525843915586;-0.858970487041608;29.9972435908902;-1.79294;-3.810735;68.4795;0.69452;-0.0300142;-0.223524
39.5;6,821881198;5.14215042719063;20.26971505361;-0.853041504511907;30.0072384933506;-1.79294;-3.810735;68.4795;0.69452;-0.0300142;-0.223524
39.75;6,81455543;5.14422543495723;20.2870671167864;-0.847214199250954;30.0171835363208;-1.79294;-3.810735;68.4795;0.69452;-0.0300142;-0.223524
40;6,806978;5.146288;20.3046444008058;-0.841487599999376;30.027076544;-1.79294;-3.810735;68.4795;0.69452;-0.0300142;-0.223524
40.25;6,799154776;5.14833918567598;20.3224506466651;-0.835860735497798;30.0369153359203;-1.79294;-3.810735;68.4795;0.69452;-0.0300142;-0.223524
40.5;6,791091567;5.15038003294063;20.34048951664;-0.830332634486844;30.0466977269466;-1.79294;-3.810735;68.4795;0.69452;-0.0300142;-0.223524
40.75;6,782794129;5.15241156034785;20.3587645942848;-0.82490232570714;30.0564215272767;-1.79294;-3.810735;68.4795;0.69452;-0.0300142;-0.223524
41;6,774268158;5.15443476405;20.3772793844328;-0.819568837899312;30.0660845424414;-1.79294;-3.810735;68.4795;0.69452;-0.0300142;-0.223524
41.25;6,765519296;5.15645061779785;20.396037313196;-0.814331199803981;30.0756845733042;-1.79294;-3.810735;68.4795;0.69452;-0.0300142;-0.223524
41.5;6,756553128;5.15846007294063;20.415041727965;-0.809188440161777;30.0852194160616;-1.79294;-3.810735;68.4795;0.69452;-0.0300142;-0.223524
41.75;6,747375185;5.16046405842598;20.4342958974095;-0.804139587713322;30.0946868622429;-1.79294;-3.810735;68.4795;0.69452;-0.0300142;-0.223524
42;6,737990937;5.1624634808;20.4538030114778;-0.799183671199241;30.1040846987104;-1.79294;-3.810735;68.4795;0.69452;-0.0300142;-0.223524
42.25;6,728405801;5.16445922420723;20.473566181397;-0.794319719360161;30.1134107076592;-1.79294;-3.810735;68.4795;0.69452;-0.0300142;-0.223524
42.5;6,718625139;5.16645215039063;20.493588439673;-0.789546760936704;30.1226626666172;-1.79294;-3.810735;68.4795;0.69452;-0.0300142;-0.223524
42.75;6,708654252;5.1684430986916;20.5138727400905;-0.784863824669498;30.1318383484453;-1.79294;-3.810735;68.4795;0.69452;-0.0300142;-0.223524
43;6,69849839;5.17043288605;20.5344219577128;-0.780269939299166;30.1409355213374;-1.79294;-3.810735;68.4795;0.69452;-0.0300142;-0.223524
43.25;6,688162742;5.1724223070041;20.5552388888823;-0.775764133566335;30.14995194882;-1.79294;-3.810735;68.4795;0.69452;-0.0300142;-0.223524
43.5;6,677652444;5.17441213369063;20.57632625122;-0.771345436211627;30.1588853897526;-1.79294;-3.810735;68.4795;0.69452;-0.0300142;-0.223524
43.75;6,666972575;5.17640311584473;20.5976866836256;-0.76701287597567;30.1677335983276;-1.79294;-3.810735;68.4795;0.69452;-0.0300142;-0.223524
44;6,656128157;5.1783959808;20.6193227462778;-0.762765481599086;30.1764943240704;-1.79294;-3.810735;68.4795;0.69452;-0.0300142;-0.223524
44.25;6,645124155;5.18039143348848;20.6412369206339;-0.758602281822503;30.185165311839;-1.79294;-3.810735;68.4795;0.69452;-0.0300142;-0.223524
44.5;6,633965481;5.18239015644063;20.66343160943;-0.754522305386543;30.1937443018246;-1.79294;-3.810735;68.4795;0.69452;-0.0300142;-0.223524
44.75;6,622656986;5.18439280978535;20.6859091366811;-0.750524581031835;30.202229029551;-1.79294;-3.810735;68.4795;0.69452;-0.0300142;-0.223524
45;6,611203469;5.18640003125;20.7086717476808;-0.746608137499;30.210617225875;-1.79294;-3.810735;68.4795;0.69452;-0.0300142;-0.223524
45.25;6,59960967;5.18841243616035;20.7317216090017;-0.742772003528665;30.2189066169863;-1.79294;-3.810735;68.4795;0.69452;-0.0300142;-0.223524
45.5;6,587880273;5.19043061744063;20.755060808495;-0.739015207861454;30.2270949244076;-1.79294;-3.810735;68.4795;0.69452;-0.0300142;-0.223524
45.75;6,576019907;5.19245514561348;20.7786913552908;-0.735336779237994;30.2351798649942;-1.79294;-3.810735;68.4795;0.69452;-0.0300142;-0.223524
46;6,564033145;5.1944865688;20.8026151797978;-0.731735746398908;30.2431591509344;-1.79294;-3.810735;68.4795;0.69452;-0.0300142;-0.223524
46.25;6,551924501;5.19652541271973;20.8268341337038;-0.728211138084821;30.2510304897495;-1.79294;-3.810735;68.4795;0.69452;-0.0300142;-0.223524
46.5;6,539698435;5.19857218069063;20.851349989975;-0.72476198303636;30.2587915842936;-1.79294;-3.810735;68.4795;0.69452;-0.0300142;-0.223524
46.75;6,52735935;5.2006273536291;20.8761644428567;-0.721387309994148;30.2664401327536;-1.79294;-3.810735;68.4795;0.69452;-0.0300142;-0.223524
47;6,514911594;5.20269139005;20.9012791078728;-0.71808614769881;30.2739738286494;-1.79294;-3.810735;68.4795;0.69452;-0.0300142;-0.223524
47.25;6,502359455;5.2047647260666;20.9266955218261;-0.714857524890972;30.2813903608337;-1.79294;-3.810735;68.4795;0.69452;-0.0300142;-0.223524
47.5;6,48970717;5.20684777539063;20.952415142798;-0.711700470311259;30.2886874134922;-1.79294;-3.810735;68.4795;0.69452;-0.0300142;-0.223524
47.75;6,476958915;5.20894092933223;20.9784393501489;-0.708614012700294;30.2958626661433;-1.79294;-3.810735;68.4795;0.69452;-0.0300142;-0.223524
48;6,464118813;5.2110445568;21.0047694445178;-0.705597180798704;30.3029137936384;-1.79294;-3.810735;68.4795;0.69452;-0.0300142;-0.223524
48.25;6,451190928;5.21315900430098;21.0314066478226;-0.702649003347116;30.3098384661618;-1.79294;-3.810735;68.4795;0.69452;-0.0300142;-0.223524
48.5;6,43817927;5.21528459594063;21.05835210326;-0.69976850908615;30.3166343492306;-1.79294;-3.810735;68.4795;0.69452;-0.0300142;-0.223524
48.75;6,425087792;5.21742163342285;21.0856068753053;-0.696954726756435;30.3232991036948;-1.79294;-3.810735;68.4795;0.69452;-0.0300142;-0.223524
49;6,41192039;5.21957039605;21.1131719497128;-0.694206685098594;30.3298303857374;-1.79294;-3.810735;68.4795;0.69452;-0.0300142;-0.223524
49.25;6,398680903;5.22173114072285;21.1410482335155;-0.691523412853253;30.3362258468741;-1.79294;-3.810735;68.4795;0.69452;-0.0300142;-0.223524
49.5;6,385373117;5.22390410194063;21.169236555025;-0.688903938761035;30.3424831339536;-1.79294;-3.810735;68.4795;0.69452;-0.0300142;-0.223524
49.75;6,372000759;5.22608949180098;21.197737663832;-0.686347291562569;30.3485998891574;-1.79294;-3.810735;68.4795;0.69452;-0.0300142;-0.223524
50;6,3585675;5.2282875;21.2265522308058;-0.683852499998476;30.35457375;-1.79294;-3.810735;68.4795;0.69452;-0.0300142;-0.223524
50.25;6,345076955;5.23049829383223;21.2556808480945;-0.681418592809383;30.3604023493287;-1.79294;-3.810735;68.4795;0.69452;-0.0300142;-0.223524
50.5;6,331532682;5.23272201819063;21.285124029125;-0.679044598735914;30.3660833153236;-1.79294;-3.810735;68.4795;0.69452;-0.0300142;-0.223524
50.75;6,317938185;5.23495879556661;21.314882208603;-0.676729546518695;30.3716142714978;-1.79294;-3.810735;68.4795;0.69452;-0.0300142;-0.223524
51;6,30429691;5.23720872605;21.3449557425128;-0.67447246489835;30.3769928366974;-1.79294;-3.810735;68.4795;0.69452;-0.0300142;-0.223524
51.25;6,290612245;5.2394718873291;21.3753449081178;-0.672272382615505;30.3822166251011;-1.79294;-3.810735;68.4795;0.69452;-0.0300142;-0.223524
51.5;6,276887525;5.24174833469063;21.40604990396;-0.670128328410784;30.3872832462206;-1.79294;-3.810735;68.4795;0.69452;-0.0300142;-0.223524
51.75;6,263126027;5.24403810101973;21.4370708498601;-0.668039331024813;30.3921903049005;-1.79294;-3.810735;68.4795;0.69452;-0.0300142;-0.223524
52;6,249330973;5.2463411968;21.4684077869178;-0.666004419198217;30.3969354013184;-1.79294;-3.810735;68.4795;0.69452;-0.0300142;-0.223524
52.25;6,235505526;5.24865761011348;21.5000606775114;-0.664022621671619;30.4015161309845;-1.79294;-3.810735;68.4795;0.69452;-0.0300142;-0.223524
52.5;6,221652795;5.25098730664063;21.532029405298;-0.662092967185648;30.4059300847422;-1.79294;-3.810735;68.4795;0.69452;-0.0300142;-0.223524
52.75;6,207775832;5.25333022966035;21.5643137752136;-0.660214484480924;30.4101748487675;-1.79294;-3.810735;68.4795;0.69452;-0.0300142;-0.223524
53;6,193877634;5.25568630005;21.5969135134728;-0.658386202298076;30.4142480045694;-1.79294;-3.810735;68.4795;0.69452;-0.0300142;-0.223524
53.25;6,179961138;5.25805541628535;21.6298282675692;-0.656607149377726;30.4181471289898;-1.79294;-3.810735;68.4795;0.69452;-0.0300142;-0.223524
53.5;6,16602923;5.26043745444063;21.663057606275;-0.654876354460502;30.4218697942036;-1.79294;-3.810735;68.4795;0.69452;-0.0300142;-0.223524
53.75;6,152084735;5.26283226818848;21.6966010196413;-0.653192846287026;30.4254135677183;-1.79294;-3.810735;68.4795;0.69452;-0.0300142;-0.223524
54;6,138130425;5.2652396888;21.7304579189978;-0.651555653597927;30.4287760123744;-1.79294;-3.810735;68.4795;0.69452;-0.0300142;-0.223524
54.25;6,124169013;5.26765952514473;21.7646276369533;-0.649963805133825;30.4319546863454;-1.79294;-3.810735;68.4795;0.69452;-0.0300142;-0.223524
54.5;6,110203158;5.27009156369063;21.799109427395;-0.648416329635348;30.4349471431376;-1.79294;-3.810735;68.4795;0.69452;-0.0300142;-0.223524
54.75;6,096235461;5.27253556850411;21.8339024654892;-0.646912255843121;30.4377509315901;-1.79294;-3.810735;68.4795;0.69452;-0.0300142;-0.223524
55;6,082268469;5.27499128125;21.8690058476808;-0.645450612497768;30.440363595875;-1.79294;-3.810735;68.4795;0.69452;-0.0300142;-0.223524
55.25;6,068304669;5.27745842119161;21.9044185916936;-0.644030428339916;30.4427826754972;-1.79294;-3.810735;68.4795;0.69452;-0.0300142;-0.223524
55.5;6,054346496;5.27993668519063;21.94013963653;-0.642650732110186;30.4450057052946;-1.79294;-3.810735;68.4795;0.69452;-0.0300142;-0.223524
55.75;6,040396325;5.28242574770723;21.9761678424714;-0.641310552549207;30.4470302154378;-1.79294;-3.810735;68.4795;0.69452;-0.0300142;-0.223524
56;6,026456477;5.2849252608;22.0125019910778;-0.640008918397601;30.4488537314304;-1.79294;-3.810735;68.4795;0.69452;-0.0300142;-0.223524
56.25;6,012529216;5.28743485412598;22.0491407851881;-0.638744858395996;30.4504737741089;-1.79294;-3.810735;68.4795;0.69452;-0.0300142;-0.223524
56.5;5,998616749;5.28995413494063;22.08608284892;-0.637517401285014;30.4518878596426;-1.79294;-3.810735;68.4795;0.69452;-0.0300142;-0.223524
56.75;5,984721229;5.29248268809786;22.1233267276698;-0.636325575805283;30.4530934995337;-1.79294;-3.810735;68.4795;0.69452;-0.0300142;-0.223524
57;5,97084475;5.29502007605;22.1608708881128;-0.635168410697425;30.4540882006174;-1.79294;-3.810735;68.4795;0.69452;-0.0300142;-0.223524
57.25;5,95698935;5.29756583884786;22.198713718203;-0.634044934702068;30.4548694650616;-1.79294;-3.810735;68.4795;0.69452;-0.0300142;-0.223524
57.5;5,943157014;5.30011949414063;22.236853527173;-0.632954176559834;30.4554347903672;-1.79294;-3.810735;68.4795;0.69452;-0.0300142;-0.223524
57.75;5,929349666;5.30268053717598;22.2752885455345;-0.631895165011349;30.4557816693679;-1.79294;-3.810735;68.4795;0.69452;-0.0300142;-0.223524
58;5,915569177;5.3052484408;22.3140169250778;-0.630866928797241;30.4559075902304;-1.79294;-3.810735;68.4795;0.69452;-0.0300142;-0.223524
58.25;5,90181736;5.30782265545723;22.353036738872;-0.629868496658129;30.4558100364542;-1.79294;-3.810735;68.4795;0.69452;-0.0300142;-0.223524
58.5;5,888095973;5.31040260919063;22.392345981265;-0.628898897334644;30.4554864868716;-1.79294;-3.810735;68.4795;0.69452;-0.0300142;-0.223524
58.75;5,874406718;5.31298770764161;22.4319425678835;-0.627957159567407;30.4549344156479;-1.79294;-3.810735;68.4795;0.69452;-0.0300142;-0.223524
59;5,860751238;5.31557733405;22.4718243356328;-0.627042312097044;30.4541512922814;-1.79294;-3.810735;68.4795;0.69452;-0.0300142;-0.223524
59.25;5,847131122;5.31817084925411;22.5119890426973;-0.626153383664182;30.453134581603;-1.79294;-3.810735;68.4795;0.69452;-0.0300142;-0.223524
59.5;5,833547902;5.32076759169063;22.55243436854;-0.625289403009443;30.4518817437766;-1.79294;-3.810735;68.4795;0.69452;-0.0300142;-0.223524
59.75;5,820003055;5.32336687739473;22.5931579139026;-0.624449398873454;30.450390234299;-1.79294;-3.810735;68.4795;0.69452;-0.0300142;-0.223524
60;5,806498;5.325968;22.6341572008058;-0.623632399996839;30.448657504;-1.79294;-3.810735;68.4795;0.69452;-0.0300142;-0.223524
60.25;5,7930341;5.32857023073848;22.6754296725489;-0.622837435120224;30.446680999042;-1.79294;-3.810735;68.4795;0.69452;-0.0300142;-0.223524
60.5;5,779612663;5.33117281844063;22.71697269371;-0.622063532984233;30.4444581609206;-1.79294;-3.810735;68.4795;0.69452;-0.0300142;-0.223524
60.75;5,766234938;5.33377498953536;22.7587835501461;-0.62130972232949;30.441986426464;-1.79294;-3.810735;68.4795;0.69452;-0.0300142;-0.223524
61;5,752902122;5.33637594805;22.8008594489928;-0.620575031896623;30.4392632278334;-1.79294;-3.810735;68.4795;0.69452;-0.0300142;-0.223524
61.25;5,73961535;5.33897487561035;22.8431975186647;-0.619858490426254;30.4362859925229;-1.79294;-3.810735;68.4795;0.69452;-0.0300142;-0.223524
61.5;5,726375707;5.34157093144063;22.885794808855;-0.619159126659012;30.4330521433596;-1.79294;-3.810735;68.4795;0.69452;-0.0300142;-0.223524
61.75;5,713184217;5.34416325236348;22.9286482905358;-0.618475969335516;30.4295590985032;-1.79294;-3.810735;68.4795;0.69452;-0.0300142;-0.223524
62;5,700041849;5.3467509528;22.9717548559578;-0.617808047196395;30.4258042714464;-1.79294;-3.810735;68.4795;0.69452;-0.0300142;-0.223524
62.25;5,686949516;5.34933312476973;23.0151113186508;-0.617154388982275;30.4217850710149;-1.79294;-3.810735;68.4795;0.69452;-0.0300142;-0.223524
62.5;5,673908076;5.35190883789063;23.058714413423;-0.616514023433778;30.4174989013672;-1.79294;-3.810735;68.4795;0.69452;-0.0300142;-0.223524
62.75;5,660918329;5.3544771393791;23.1025607963617;-0.615885979291531;30.4129431619946;-1.79294;-3.810735;68.4795;0.69452;-0.0300142;-0.223524
63;5,647981018;5.35703705405;23.1466470448328;-0.615269285296157;30.4081152477214;-1.79294;-3.810735;68.4795;0.69452;-0.0300142;-0.223524
63.25;5,635096831;5.35958758431661;23.1909696574811;-0.614662970188282;30.4030125487047;-1.79294;-3.810735;68.4795;0.69452;-0.0300142;-0.223524
63.5;5,622266401;5.36212771019063;23.23552505423;-0.614066062708535;30.3976324504346;-1.79294;-3.810735;68.4795;0.69452;-0.0300142;-0.223524
63.75;5,609490302;5.36465638928223;23.2803095762819;-0.613477591597534;30.3919723337339;-1.79294;-3.810735;68.4795;0.69452;-0.0300142;-0.223524
64;5,596769053;5.3671725568;23.3253194861178;-0.612896585595907;30.3860295747584;-1.79294;-3.810735;68.4795;0.69452;-0.0300142;-0.223524
64.25;5,584103117;5.36967512555098;23.3705509674976;-0.612322073444279;30.3798015449968;-1.79294;-3.810735;68.4795;0.69452;-0.0300142;-0.223524
64.5;5,5714929;5.37216298594063;23.41600012546;-0.611753083883278;30.3732856112706;-1.79294;-3.810735;68.4795;0.69452;-0.0300142;-0.223524
64.75;5,558938753;5.37463500597285;23.4616629863223;-0.611188645653526;30.3664791357342;-1.79294;-3.810735;68.4795;0.69452;-0.0300142;-0.223524
65;5,546440969;5.37709003125;23.5075354976808;-0.610627787495646;30.359379475875;-1.79294;-3.810735;68.4795;0.69452;-0.0300142;-0.223524
65.25;5,533999785;5.37952688497285;23.5536135284105;-0.610069538150266;30.3519839845131;-1.79294;-3.810735;68.4795;0.69452;-0.0300142;-0.223524
65.5;5,521615383;5.38194436794063;23.599892868665;-0.60951292635801;30.3442900098016;-1.79294;-3.810735;68.4795;0.69452;-0.0300142;-0.223524
65.75;5,509287888;5.38434125855098;23.646369229877;-0.608956980859505;30.3362948952264;-1.79294;-3.810735;68.4795;0.69452;-0.0300142;-0.223524
66;5,497017369;5.3867163128;23.6930382447578;-0.608400730395373;30.3279959796064;-1.79294;-3.810735;68.4795;0.69452;-0.0300142;-0.223524
66.25;5,484803837;5.38906826428223;23.7398954672975;-0.607843203706239;30.3193905970933;-1.79294;-3.810735;68.4795;0.69452;-0.0300142;-0.223524
66.5;5,472647248;5.39139582419063;23.786936372765;-0.607283429532729;30.3104760771716;-1.79294;-3.810735;68.4795;0.69452;-0.0300142;-0.223524
66.75;5,460547504;5.39369768131661;23.834156357708;-0.606720436615472;30.3012497446588;-1.79294;-3.810735;68.4795;0.69452;-0.0300142;-0.223524
67;5,448504446;5.39597250205;23.8815507399528;-0.606153253695085;30.2917089197054;-1.79294;-3.810735;68.4795;0.69452;-0.0300142;-0.223524
67.25;5,436517862;5.3982189303791;23.9291147586048;-0.605580909512199;30.2818509177945;-1.79294;-3.810735;68.4795;0.69452;-0.0300142;-0.223524
67.5;5,424587482;5.40043558789063;23.976843574048;-0.605002432807436;30.2716730497422;-1.79294;-3.810735;68.4795;0.69452;-0.0300142;-0.223524
67.75;5,412712983;5.40262107376973;24.0247322679451;-0.604416852321422;30.2611726216975;-1.79294;-3.810735;68.4795;0.69452;-0.0300142;-0.223524
68;5,400893981;5.4047739648;24.0727758432378;-0.603823196794786;30.2503469351424;-1.79294;-3.810735;68.4795;0.69452;-0.0300142;-0.223524
68.25;5,389130039;5.40689281536348;24.1209692241464;-0.603220494968145;30.2391932868915;-1.79294;-3.810735;68.4795;0.69452;-0.0300142;-0.223524
68.5;5,377420662;5.40897615744063;24.16930725617;-0.60260777558213;30.2277089690926;-1.79294;-3.810735;68.4795;0.69452;-0.0300142;-0.223524
68.75;5,3657653;5.41102250061035;24.2177847060866;-0.601984067377363;30.2158912692261;-1.79294;-3.810735;68.4795;0.69452;-0.0300142;-0.223524
69;5,354163346;5.41303033205;24.2663962619528;-0.601348399094471;30.2037374701054;-1.79294;-3.810735;68.4795;0.69452;-0.0300142;-0.223524
69.25;5,342614136;5.41499811653535;24.3151365331042;-0.600699799474079;30.1912448498768;-1.79294;-3.810735;68.4795;0.69452;-0.0300142;-0.223524
69.5;5,331116952;5.41692429644063;24.364000050155;-0.600037297256808;30.1784106820196;-1.79294;-3.810735;68.4795;0.69452;-0.0300142;-0.223524
69.75;5,319671017;5.41880729173848;24.4129812649983;-0.59935992118329;30.1652322353457;-1.79294;-3.810735;68.4795;0.69452;-0.0300142;-0.223524
70;5,3082755;5.4206455;24.4620745508058;-0.598666699994144;30.151706774;-1.79294;-3.810735;68.4795;0.69452;-0.0300142;-0.223524
70.25;5,296929512;5.42243729639473;24.5112742020283;-0.597956662429997;30.1378315574604;-1.79294;-3.810735;68.4795;0.69452;-0.0300142;-0.223524
70.5;5,285632108;5.42418103369063;24.560574434395;-0.597228837231474;30.1236038405376;-1.79294;-3.810735;68.4795;0.69452;-0.0300142;-0.223524
70.75;5,274382288;5.4258750422541;24.6099693849142;-0.596482253139201;30.1090208733751;-1.79294;-3.810735;68.4795;0.69452;-0.0300142;-0.223524
71;5,263178994;5.42751763005;24.6594531118728;-0.595715938893801;30.0940799014494;-1.79294;-3.810735;68.4795;0.69452;-0.0300142;-0.223524
71.25;5,252021112;5.42910708264161;24.7090195948366;-0.594928923235902;30.0787781655698;-1.79294;-3.810735;68.4795;0.69452;-0.0300142;-0.223524
71.5;5,240907474;5.43064166319063;24.75866273465;-0.594120234906125;30.0631129018786;-1.79294;-3.810735;68.4795;0.69452;-0.0300142;-0.223524
71.75;5,229836852;5.43211961245723;24.8083763534364;-0.593288902645097;30.0470813418508;-1.79294;-3.810735;68.4795;0.69452;-0.0300142;-0.223524
72;5,218807965;5.4335391488;24.8581541945978;-0.592433955193445;30.0306807122944;-1.79294;-3.810735;68.4795;0.69452;-0.0300142;-0.223524
72.25;5,207819473;5.43489846817598;24.9079899228151;-0.591554421291792;30.0139082353503;-1.79294;-3.810735;68.4795;0.69452;-0.0300142;-0.223524
72.5;5,196869982;5.43619574414063;24.957877124048;-0.590649329680761;29.9967611284922;-1.79294;-3.810735;68.4795;0.69452;-0.0300142;-0.223524
72.75;5,185958041;5.43742912784786;25.0078093055348;-0.58971770910098;29.9792366045267;-1.79294;-3.810735;68.4795;0.69452;-0.0300142;-0.223524
73;5,175082142;5.43859674805;25.0577798957928;-0.588758588293072;29.9613318715934;-1.79294;-3.810735;68.4795;0.69452;-0.0300142;-0.223524
73.25;5,16424072;5.43969671109786;25.107782244618;-0.587770995997667;29.9430441331646;-1.79294;-3.810735;68.4795;0.69452;-0.0300142;-0.223524
73.5;5,153432156;5.44072710094063;25.157809623085;-0.586753960955381;29.9243705880456;-1.79294;-3.810735;68.4795;0.69452;-0.0300142;-0.223524
73.75;5,142654774;5.44168597912598;25.2078552235475;-0.585706511906847;29.9053084303745;-1.79294;-3.810735;68.4795;0.69452;-0.0300142;-0.223524
74;5,131906841;5.4425713848;25.2579121596378;-0.584627677592685;29.8858548496224;-1.79294;-3.810735;68.4795;0.69452;-0.0300142;-0.223524
74.25;5,121186567;5.44338133470723;25.307973466267;-0.583516486753523;29.8660070305932;-1.79294;-3.810735;68.4795;0.69452;-0.0300142;-0.223524
74.5;5,110492107;5.44411382319063;25.358032099625;-0.582371968129986;29.8457621534236;-1.79294;-3.810735;68.4795;0.69452;-0.0300142;-0.223524
74.75;5,099821561;5.4447668221916;25.4080809371805;-0.581193150462698;29.8251173935833;-1.79294;-3.810735;68.4795;0.69452;-0.0300142;-0.223524
75;5,089172969;5.44533828125;25.4581127776808;-0.579979062492282;29.804069921875;-1.79294;-3.810735;68.4795;0.69452;-0.0300142;-0.223524
75;5,089172969;5.44533828125;25.4581127776808;-0.579979062492282;29.804069921875;-1.79294;-3.810735;68.4795;0.69452;-0.0300142;-0.223524
